;TRADEDATE;SECID;OPEN;LOW;HIGH;CLOSE;VOLRUR;is_actual;last_CLOSE;short;long;diff;Stance;OBV;STHST_k;STHST_d;BBU;BBM;BBL;diff_st;Stance_st;Recommendation
0;2020-06-02;EURUSD000TOM;1.11239;1.1117;1.1195;1.1168200000000001;2639270547.16;1 day lag;;1.1168200000000001;1.1168200000000001;0.0;0;2639270547.16;;;;;;;0;Ожидать (Hold)
1;2020-06-03;EURUSD000TOM;1.121;1.11858;1.1255;1.1233;4066805342.92;1 day lag;;1.12006;1.118116;0.0019439999999999458;0;6706075890.08;;;;;;;0;Ожидать (Hold)
2;2020-06-04;EURUSD000TOM;1.121;1.1193899999999999;1.1361;1.1332;5202847361.82;1 day lag;;1.12663;1.1211328;0.00549719999999998;1;11908923251.9;;;;;;;0;Ожидать (Hold)
3;2020-06-05;EURUSD000TOM;1.13734;1.12792;1.138;1.12884;4432968646.2;1 day lag;;1.127735;1.12267424;0.0050607599999998865;1;7475954605.7;;;;;;;0;Ожидать (Hold)
4;2020-06-08;EURUSD000TOM;1.1299;1.1195;1.13178;1.1292799999999998;4727827205.87;1 day lag;;1.1285075;1.123995392;0.004512107999999904;1;12203781811.57;;;;;;;0;Ожидать (Hold)
5;2020-06-09;EURUSD000TOM;1.12709;1.12429;1.13634;1.1336899999999999;3404430804.36;1 day lag;;1.13109875;1.1259343136000002;0.005164436399999861;1;15608212615.93;;;;;;;0;Ожидать (Hold)
6;2020-06-10;EURUSD000TOM;1.1350799999999999;1.133;1.14214;1.1373;4882381419.98;1 day lag;;1.1341993750000001;1.1282074508800002;0.005991924119999936;1;20490594035.91;;;;;;;0;Ожидать (Hold)
7;2020-06-11;EURUSD000TOM;1.13615;1.1288;1.14001;1.12895;4440272662.4;1 day lag;;1.1315746875000001;1.1283559607040001;0.0032187267959999932;0;16050321373.51;;;;;;;0;Ожидать (Hold)
8;2020-06-15;EURUSD000TOM;1.1233;1.12286;1.133;1.13164;2608231826.49;1 day lag;;1.13160734375;1.1290127685632;0.0025945751867999522;0;18658553200.0;;;;;;;0;Ожидать (Hold)
9;2020-06-16;EURUSD000TOM;1.13409;1.123;1.1350200000000001;1.12616;7282302645.34;1 day lag;;1.1288836718750002;1.1284422148505602;0.000441457024439984;0;11376250554.66;;;;;;;0;Ожидать (Hold)
10;2020-06-17;EURUSD000TOM;1.1284399999999999;1.121;1.1291200000000001;1.12398;2785095963.82;1 day lag;;1.1264318359375;1.1275497718804481;-0.0011179359429480673;0;8591154590.84;;;;;;;0;Ожидать (Hold)
11;2020-06-18;EURUSD000TOM;1.1255;1.11876;1.126;1.12056;6264151541.23;1 day lag;;1.12349591796875;1.1261518175043586;-0.002655899535608519;0;2327003049.6100006;;;;;;;0;Ожидать (Hold)
12;2020-06-19;EURUSD000TOM;1.1216;1.117;1.1254600000000001;1.11812;2663063947.8;1 day lag;;1.1208079589843751;1.124545454003487;-0.003737495019111803;-1;-336060898.1899996;;;;;;;0;Ожидать (Hold)
13;2020-06-22;EURUSD000TOM;1.1192600000000001;1.119;1.1268799999999999;1.1265;3992906054.73;1 day lag;;1.1236539794921876;1.1249363632027896;-0.0012823837106019642;0;3656845156.5400004;;;;;;;0;Ожидать (Hold)
14;2020-06-23;EURUSD000TOM;1.1276;1.1276;1.1345100000000001;1.13083;3686911424.33;1 day lag;;1.1272419897460937;1.1261150905622317;0.0011268991838619957;0;7343756580.870001;;;;;;;0;Ожидать (Hold)
15;2020-06-25;EURUSD000TOM;1.1237;1.11904;1.12483;1.12175;4553216733.24;1 day lag;;1.1244959948730469;1.1252420724497854;-0.000746077576738502;0;2790539847.630001;;;;;;;0;Ожидать (Hold)
16;2020-06-26;EURUSD000TOM;1.12086;1.11976;1.12381;1.12252;3034617985.08;1 day lag;;1.1235079974365234;1.1246976579598282;-0.0011896605233048252;0;5825157832.710001;20.42561654733498;36.39825474931292;;;;-15.97263820197794;-1;Продавать (Short)
17;2020-06-29;EURUSD000TOM;1.12592;1.12208;1.1286;1.12429;2848608434.47;1 day lag;;1.1238989987182617;1.1246161263678627;-0.0007171276496009682;0;8673766267.18;25.477326968973788;27.61866878811995;;;;-2.141341819146163;-1;Продавать (Short)
18;2020-06-30;EURUSD000TOM;1.12096;1.1192;1.1263;1.12323;8234025593.07;1 day lag;;1.123564499359131;1.1243389010942901;-0.0007744017351591914;0;439740674.1100006;26.88941925218777;24.264120922832177;;;;2.6252983293555943;1;Покупать (Long)
19;2020-07-02;EURUSD000TOM;1.12696;1.12242;1.13009;1.1240299999999999;5193721257.35;1 day lag;;1.1237972496795654;1.124277120875432;-0.0004798711958666768;0;5633461931.460001;26.372315035799247;26.246353752320264;1.1367599071756995;1.1262495;1.1157390928243003;0.12596128347898272;0;Ожидать (Hold)
20;2020-07-03;EURUSD000TOM;1.124;1.12191;1.12548;1.1254;1749300900.37;1 day lag;;1.1245986248397828;1.1245016967003456;9.692813943718015e-05;0;7382762831.830001;32.23463597335985;28.498790087115623;1.1362750478688635;1.1266785;1.1170819521311364;3.7358458862442276;1;Покупать (Long)
21;2020-07-06;EURUSD000TOM;1.12931;1.1283;1.13447;1.1307200000000002;2275460336.25;1 day lag;;1.1276593124198915;1.1257453573602767;0.0019139550596147803;0;9658223168.080002;56.32174593780355;38.30956564898755;1.1366685986584664;1.1270494999999998;1.1174304013415333;18.012180288815998;1;Покупать (Long)
22;2020-07-07;EURUSD000TOM;1.12932;1.126;1.1306200000000002;1.12744;1541224286.59;1 day lag;;1.1275496562099456;1.1260842858882214;0.0014653703217242242;0;8116998881.490002;67.03662597114314;51.86433596076885;1.1359625896636725;1.1267615;1.1175604103363275;15.17229001037429;1;Покупать (Long)
23;2020-07-08;EURUSD000TOM;1.12748;1.1268;1.13506;1.133;3960447234.69;1 day lag;;1.1302748281049728;1.127467428710577;0.002807399394395782;0;12077446116.180002;73.26460202334545;65.54099131076406;1.1365301871614086;1.1269695;1.1174088128385913;7.72361071258139;1;Покупать (Long)
24;2020-07-09;EURUSD000TOM;1.1359;1.128;1.136;1.12839;2959703958.42;1 day lag;;1.1293324140524863;1.1276519429684617;0.0016804710840245818;0;9117742157.760002;74.27047269336163;71.52390022928341;1.1364504763660688;1.1269249999999997;1.1173995236339307;2.7465724640782128;1;Покупать (Long)
25;2020-07-10;EURUSD000TOM;1.12642;1.1253;1.13246;1.13002;2961927820.63;1 day lag;;1.1296762070262432;1.1281255543747695;0.001550652651473694;0;12079669978.390003;64.2368421052636;70.5906389406569;1.135871821516887;1.1267414999999996;1.1176111784831122;-6.353796835393297;-1;Продавать (Short)
26;2020-07-13;EURUSD000TOM;1.1331;1.1302;1.13736;1.13436;3934880515.71;1 day lag;;1.1320181035131216;1.1293724434998156;0.002645660013306017;0;16014550494.100002;76.09322325421451;71.53351268427993;1.135114374353535;1.1265944999999997;1.1180746256464644;4.55971056993458;1;Покупать (Long)
27;2020-07-14;EURUSD000TOM;1.13422;1.13258;1.1408;1.13941;4544878225.12;1 day lag;;1.135714051756561;1.1313799547998524;0.0043340969567085;1;20559428719.22;88.63613153594801;76.32206563180871;1.1372778088043756;1.1271174999999998;1.116957191195624;12.314065904139298;1;Покупать (Long)
28;2020-07-15;EURUSD000TOM;1.1407399999999999;1.1399299999999999;1.14514;1.1412;3071947269.34;1 day lag;;1.1384570258782805;1.1333439638398821;0.005113062038398342;1;23631375988.56;89.258173456164;84.66250941544219;1.139338187043449;1.1275954999999998;1.1158528129565506;4.595664040721815;1;Покупать (Long)
29;2020-07-16;EURUSD000TOM;1.13976;1.1371;1.14402;1.13836;3241680607.56;1 day lag;;1.1384085129391401;1.1343471710719057;0.0040613418672343915;1;20389695381.0;79.38348738763484;85.7592641265823;1.1408215635302528;1.1282054999999998;1.1155894364697467;-6.375776738947451;-1;Продавать (Short)
30;2020-07-17;EURUSD000TOM;1.1384;1.1384;1.1443;1.1438;2936870593.62;1 day lag;;1.14110425646957;1.1362377368575247;0.004866519612045206;1;23326565974.62;84.34849653045472;84.33005245808452;1.1433493601702611;1.1291964999999997;1.1150436398297383;0.01844407237020107;0;Ожидать (Hold)
31;2020-07-20;EURUSD000TOM;1.1451;1.14021;1.1466;1.14454;3337587206.15;1 day lag;;1.1428221282347848;1.1378981894860198;0.0049239387487649555;1;26664153180.77;93.65799233492174;85.79665875100379;1.145452718169385;1.1303954999999997;1.1153382818306143;7.861333583917954;1;Покупать (Long)
32;2020-07-21;EURUSD000TOM;1.14416;1.1426;1.1539;1.1524;5250272135.78;1 day lag;;1.1476110641173924;1.140798551588816;0.006812512528576509;1;31914425316.55;93.89639326158033;90.63429404231896;1.1488925467734448;1.1321094999999997;1.1153264532265545;3.2620992192613727;1;Покупать (Long)
33;2020-07-22;EURUSD000TOM;1.1532200000000001;1.15076;1.16;1.15696;5250365644.34;1 day lag;;1.1522855320586962;1.1440308412710527;0.008254690787643515;1;37164790960.89;93.66496864872565;93.73978474840926;1.1533710084289661;1.1336324999999996;1.113893991571033;-0.07481609968361624;0;Ожидать (Hold)
34;2020-07-23;EURUSD000TOM;1.1596;1.15415;1.16248;1.15913;4961845517.45;1 day lag;;1.155707766029348;1.1470506730168422;0.008657093012505834;1;42126636478.34;91.50434102521278;93.02190097850628;1.1576318643922021;1.1350474999999998;1.1124631356077974;-1.5175599532934996;-1;Продавать (Short)
35;2020-07-24;EURUSD000TOM;1.1607299999999998;1.15818;1.16555;1.1652;4404538490.89;1 day lag;;1.160453883014674;1.1506805384134737;0.009773344601200273;1;46531174969.229996;95.06010711696327;93.40980559696726;1.1624716225221319;1.1372199999999997;1.1119683774778675;1.650301519996006;1;Покупать (Long)
36;2020-07-27;EURUSD000TOM;1.17051;1.16826;1.178;1.17488;3349299468.56;1 day lag;;1.167666941507337;1.1555204307307791;0.012146510776557928;1;49880474437.78999;96.6050655886477;94.38983791027461;1.1690041767120931;1.1398379999999997;1.1106718232879063;2.215227678373097;1;Покупать (Long)
37;2020-07-28;EURUSD000TOM;1.17288;1.16995;1.17416;1.17136;2835800956.6;1 day lag;;1.1695134707536685;1.1586883445846234;0.010825126169045074;1;47044673481.189995;90.74003795066415;94.1350702187584;1.1734787058676006;1.1421914999999996;1.1109042941323986;-3.395032268094255;-1;Продавать (Short)
38;2020-07-29;EURUSD000TOM;1.17515;1.17188;1.1804;1.17975;3696037357.42;1 day lag;;1.1746317353768343;1.162900675667699;0.01173105970913535;1;50740710838.60999;93.1103530927038;93.48515221067191;1.1790346226737736;1.1450174999999996;1.1110003773262256;-0.3747991179681094;0;Ожидать (Hold)
39;2020-07-30;EURUSD000TOM;1.17582;1.1732;1.18464;1.18462;5457889941.91;1 day lag;;1.1796258676884173;1.1672445405341594;0.012381327154257882;1;56198600780.51999;99.39179449294673;94.41406184543825;1.1847352777464768;1.1480469999999996;1.1113587222535224;4.977732647508475;1;Покупать (Long)
40;2020-07-31;EURUSD000TOM;1.19;1.17658;1.19029;1.1774;7920459066.48;1 day lag;;1.1785129338442086;1.1692756324273277;0.00923730141688095;1;48278141714.03999;88.81372264550606;93.77195674371889;1.1879126963439808;1.1506469999999995;1.1133813036560183;-4.958234098212827;-1;Продавать (Short)
41;2020-08-03;EURUSD000TOM;1.17511;1.1699;1.17844;1.17672;3660263160.32;1 day lag;;1.1776164669221043;1.1707645059418623;0.006851960980241989;1;44617878553.71999;76.07593431954155;88.09381715266481;1.190684452537272;1.1529469999999995;1.115209547462727;-12.017882833123267;-1;Продавать (Short)
42;2020-08-04;EURUSD000TOM;1.1779600000000001;1.17234;1.1802;1.17995;3023909866.87;1 day lag;;1.1787832334610522;1.17260160475349;0.006181628707562226;1;47641788420.59;77.52397067117872;80.80454254540881;1.193152458954259;1.1555724999999994;1.1179925410457399;-3.280571874230091;-1;Продавать (Short)
43;2020-08-05;EURUSD000TOM;1.182;1.18068;1.1904;1.18646;3729945907.85;1 day lag;;1.1826216167305261;1.175373283802792;0.007248332927734191;1;51371734328.439995;86.49166630511822;80.03052376527951;1.1966196785449925;1.1582454999999996;1.1198713214550067;6.461142539838704;1;Покупать (Long)
44;2020-08-06;EURUSD000TOM;1.1878600000000001;1.1819;1.1891;1.1876;4429876471.13;1 day lag;;1.185110808365263;1.1778186270422335;0.007292181323029556;1;55801610799.56999;93.42213818259866;85.81259171963188;1.1990423118710574;1.1612059999999995;1.1233696881289417;7.609546462966776;1;Покупать (Long)
45;2020-08-07;EURUSD000TOM;1.1834;1.17554;1.18482;1.17864;3646339136.37;1 day lag;;1.1818754041826316;1.1779829016337868;0.0038925025488447673;1;52155271663.19999;84.9093444909345;88.27438299288382;1.1993332603644027;1.1636369999999996;1.1279407396355965;-3.3650385019493143;-1;Продавать (Short)
46;2020-08-10;EURUSD000TOM;1.177;1.17382;1.179;1.17426;3616538526.89;1 day lag;;1.1780677020913157;1.1772383213070294;0.0008293807842862932;0;48538733136.30999;67.34052075372931;81.89066780908752;1.198940317039499;1.1656319999999996;1.1323236829605001;-14.55014705535821;-1;Продавать (Short)
47;2020-08-11;EURUSD000TOM;1.1736;1.17289;1.18034;1.17331;3611136657.17;1 day lag;;1.175688851045658;1.1764526570456235;-0.0007638059999655056;0;44927596479.13999;56.06936219075158;69.43974247847183;1.1985074997394798;1.1673269999999996;1.1361465002605193;-13.370380287720245;-1;Продавать (Short)
48;2020-08-12;EURUSD000TOM;1.17264;1.1726;1.18131;1.18;3416594392.54;1 day lag;;1.1778444255228289;1.1771621256364988;0.0006822998863300622;0;48344190871.67999;60.288542134891756;61.23280835979091;1.1984691595777635;1.1692669999999994;1.1400648404222353;-0.9442662248991525;0;Ожидать (Hold)
49;2020-08-13;EURUSD000TOM;1.1825;1.1795;1.1862;1.18115;3529577605.26;1 day lag;;1.1794972127614143;1.177959700509199;0.0015375122522152118;0;51873768476.939995;62.97116369673927;59.77635600746089;1.1973226897470735;1.1714064999999994;1.1454903102529252;3.1948076892783774;1;Покупать (Long)
50;2020-08-14;EURUSD000TOM;1.18086;1.17856;1.18484;1.1840000000000002;3171739277.96;1 day lag;;1.1817486063807072;1.1791677604073594;0.002580845973347845;0;55045507754.899994;63.50045167118386;62.253385834271654;1.1965418966669479;1.1734164999999996;1.1502911033330514;1.2470658369122063;1;Покупать (Long)
51;2020-08-17;EURUSD000TOM;1.18644;1.18296;1.18803;1.1875;1570821534.07;1 day lag;;1.1846243031903536;1.1808342083258876;0.0037900948644660204;1;56616329288.96999;77.31707317073253;67.92956284621857;1.1952933342028331;1.1755644999999997;1.1558356657971662;9.387510324513954;1;Покупать (Long)
52;2020-08-18;EURUSD000TOM;1.18848;1.18848;1.19638;1.1935200000000001;4376493933.7;1 day lag;;1.1890721515951768;1.1833713666607102;0.005700784934466574;1;60992823222.66999;87.52652715348954;76.11468399846866;1.1957720712544324;1.1776204999999995;1.1594689287455666;11.411843155020875;1;Покупать (Long)
53;2020-08-19;EURUSD000TOM;1.19328;1.18326;1.195;1.1838;4572932803.47;1 day lag;;1.1864360757975883;1.1834570933285682;0.002978982469020064;0;56419890419.19999;70.8459214501513;78.56317392479114;1.194600328334035;1.1789624999999995;1.163324671665964;-7.717252474639849;-1;Продавать (Short)
54;2020-08-20;EURUSD000TOM;1.1840000000000002;1.1805;1.18652;1.1861;3437342315.21;1 day lag;;1.186268037898794;1.1839856746628545;0.002282363235939444;0;59857232734.40999;56.83534743202405;71.73593201188832;1.1933029604372931;1.1803109999999994;1.1673190395627058;-14.900584579864272;-1;Продавать (Short)
55;2020-08-21;EURUSD000TOM;1.18674;1.17547;1.1873;1.1794200000000001;4142219107.31;1 day lag;;1.182844018949397;1.1830725397302837;-0.00022852078088675398;0;55715013627.09999;45.31458143778523;57.66528343998689;1.1920337784214532;1.1810219999999996;1.170010221578546;-12.350702002201658;-1;Продавать (Short)
56;2020-08-24;EURUSD000TOM;1.1808;1.17848;1.1849;1.1787;2332842524.29;1 day lag;;1.1807720094746985;1.182198031784227;-0.0014260223095285962;0;53382171102.80999;27.55136169182604;43.23376352054513;1.1919203266505838;1.1812129999999996;1.1705056733494155;-15.682401828719094;-1;Продавать (Short)
57;2020-08-25;EURUSD000TOM;1.1803;1.1788;1.18426;1.18354;4099832420.31;1 day lag;;1.1821560047373492;1.1824664254273818;-0.00031042069003262007;0;57482003523.11999;35.82842724978973;36.231456793133695;1.1915600688025;1.1818219999999997;1.1720839311974993;-0.4030295433439619;0;Ожидать (Hold)
58;2020-08-26;EURUSD000TOM;1.1809;1.1775;1.1838;1.1831;3276659859.03;1 day lag;;1.1826280023686746;1.1825931403419054;3.486202676916683e-05;0;54205343664.08999;45.07989907485276;36.153229338822875;1.1916944358061645;1.1819894999999998;1.172284564193835;8.926669736029886;1;Покупать (Long)
59;2020-08-27;EURUSD000TOM;1.18269;1.1765;1.19;1.18228;5518565590.59;1 day lag;;1.1824540011843374;1.1825305122735243;-7.651108918693694e-05;0;48686778073.499985;42.43061396131188;41.11298009531816;1.191503906699065;1.1818724999999997;1.1722410933009344;1.3176338659937201;1;Покупать (Long)
60;2020-08-28;EURUSD000TOM;1.1868;1.1868;1.19194;1.1904;4396878215.72;1 day lag;;1.1864270005921687;1.1841044098188196;0.0023225907733490647;0;53083656289.219986;57.77964676198448;48.43005326604973;1.1926030255320617;1.1825224999999997;1.1724419744679377;9.349593495934748;1;Покупать (Long)
61;2020-08-31;EURUSD000TOM;1.1904;1.18858;1.1965;1.19356;4230660865.64;1 day lag;;1.1899935002960844;1.1859955278550558;0.003997972441028619;1;57314317154.859985;81.27578113178313;60.495347285026526;1.1941539679665596;1.1833645;1.1725750320334403;20.78043384675661;1;Покупать (Long)
62;2020-09-01;EURUSD000TOM;1.19777;1.19023;1.2008;1.1913799999999999;3595812629.42;1 day lag;;1.1906867501480423;1.1870724222840447;0.003614327863997513;1;53718504525.43999;75.25482047021131;71.43674945465968;1.1951442137739703;1.1839359999999997;1.172727786226029;3.818071015551638;1;Покупать (Long)
63;2020-09-02;EURUSD000TOM;1.19062;1.18222;1.19062;1.1853200000000002;3228926915.72;1 day lag;;1.1880033750740213;1.1867219378272358;0.0012814372467855328;0;50489577609.719986;50.84879589419644;69.12646583206366;1.1950468124985127;1.1838789999999997;1.1727111875014866;-18.277669937867216;-1;Продавать (Short)
64;2020-09-03;EURUSD000TOM;1.18;1.17896;1.1862;1.18518;3016081502.54;1 day lag;;1.1865916875370106;1.1864135502617887;0.00017813727522186795;0;47473496107.179985;38.61034346624547;54.90465327688443;1.1948138049911685;1.1837579999999996;1.1727021950088308;-16.294309810638964;-1;Продавать (Short)
65;2020-09-04;EURUSD000TOM;1.1837;1.17803;1.1861899999999999;1.18346;4528051116.13;1 day lag;;1.1850258437685053;1.185822840209431;-0.0007969964409257901;0;42945444991.04999;34.938807737859776;41.46598236610058;1.1948053627554744;1.1839989999999996;1.1731926372445247;-6.527174628240807;-1;Продавать (Short)
66;2020-09-07;EURUSD000TOM;1.183;1.1814;1.18474;1.1814;2576280631.33;1 day lag;;1.1832129218842526;1.184938272167545;-0.0017253502832923484;0;40369164359.719986;27.47729964468985;33.675483616265055;1.1942882211011088;1.1843559999999997;1.1744237788988907;-6.1981839715752045;-1;Продавать (Short)
67;2020-09-08;EURUSD000TOM;1.1818;1.17651;1.182;1.1776;2938561792.05;1 day lag;;1.1804064609421263;1.183470617734036;-0.0030641567919096335;0;37430602567.66998;15.909988156336201;26.108698512961965;1.1936914023130014;1.1845704999999995;1.1754495976869976;-10.198710356625764;-1;Продавать (Short)
68;2020-09-09;EURUSD000TOM;1.1767299999999998;1.17546;1.18326;1.1803;1996366099.74;1 day lag;;1.180353230471063;1.1828364941872287;-0.0024832637161655846;0;39426968667.40998;13.75461898208033;19.047302261035483;1.1936772269539693;1.1845854999999994;1.1754937730460295;-5.292683278955153;-1;Продавать (Short)
69;2020-09-10;EURUSD000TOM;1.18244;1.181;1.19154;1.18164;6252679662.15;1 day lag;;1.1809966152355316;1.1825971953497831;-0.0016005801142515708;0;45679648329.55998;21.7442778216258;17.1362949866808;1.1936671386210906;1.1846099999999997;1.1755528613789088;4.607982834945002;1;Покупать (Long)
70;2020-09-11;EURUSD000TOM;1.1833200000000001;1.1827;1.18728;1.1845;3177612159.1;1 day lag;;1.1827483076177658;1.1829777562798267;-0.00022944866206087156;0;48857260488.65998;30.031570639305713;21.84348914767064;1.1936880249089787;1.1846349999999997;1.1755819750910206;8.188081491635074;1;Покупать (Long)
71;2020-09-14;EURUSD000TOM;1.1845;1.18436;1.18872;1.18616;1334733576.08;1 day lag;;1.184454153808883;1.1836142050238614;0.0008399487850216936;0;50191994064.73998;38.950276243094294;30.242041568008627;1.1935548116705927;1.1845679999999996;1.1755811883294065;8.708234675085667;1;Покупать (Long)
72;2020-09-15;EURUSD000TOM;1.1892;1.1840000000000002;1.19;1.18456;4076155656.93;1 day lag;;1.1845070769044415;1.1838033640190893;0.0007037128853522034;0;46115838407.80998;39.06866614048961;36.01683767429656;1.1921157688813109;1.1841199999999996;1.1761242311186884;3.051828466193051;1;Покупать (Long)
73;2020-09-16;EURUSD000TOM;1.185;1.179;1.188;1.1812;4612610499.02;1 day lag;;1.1828535384522207;1.1832826912152714;-0.0004291527630506664;0;41503227908.78998;29.28176795580128;35.766903446461754;1.1920862658061007;1.1839899999999997;1.1758937341938986;-6.4851354906604755;-1;Продавать (Short)
74;2020-09-17;EURUSD000TOM;1.17734;1.17708;1.18508;1.18478;2543596466.73;1 day lag;;1.1838167692261103;1.1835821529722172;0.00023461625389309404;0;44046824375.51998;29.715864246250934;32.68876611418063;1.1919717634161753;1.1839239999999998;1.1758762365838242;-2.9729018679296964;-1;Продавать (Short)
75;2020-09-18;EURUSD000TOM;1.18656;1.177;1.18685;1.18446;2567647879.66;1 day lag;;1.184138384613055;1.183757722377774;0.000380662235281104;0;41479176495.859985;36.14838200473559;31.715338068929288;1.1919549932512747;1.1841759999999997;1.1763970067487246;4.4330439358063;1;Покупать (Long)
76;2020-09-21;EURUSD000TOM;1.18632;1.17324;1.1866;1.17708;4063268135.11;1 day lag;;1.1806091923065276;1.1824221779022193;-0.0018129855956916519;0;37415908360.749985;28.250287888001548;31.37151137966271;1.1921299125697637;1.1840949999999997;1.1760600874302356;-3.121223491661162;-1;Продавать (Short)
77;2020-09-22;EURUSD000TOM;1.1748;1.16944;1.1765;1.17135;4868104212.28;1 day lag;;1.1759795961532638;1.1802077423217754;-0.004228146168511637;-1;32547804148.469986;14.813070247013535;26.40391337991691;1.1932578722300213;1.1834854999999997;1.1737131277699782;-11.590843132903377;-1;Продавать (Short)
78;2020-09-23;EURUSD000TOM;1.16898;1.1652200000000001;1.17172;1.1656600000000001;3116855536.46;1 day lag;;1.170819798076632;1.1772981938574205;-0.006478395780788571;-1;29430948612.009987;5.1571332297236;16.07349712157958;1.195102602890211;1.1826134999999998;1.1701243971097885;-10.916363891855982;-1;Продавать (Short)
79;2020-09-24;EURUSD000TOM;1.16508;1.16288;1.16852;1.1673200000000001;1942541260.49;1 day lag;;1.1690698990383162;1.1753025550859366;-0.006232656047620466;-1;31373489872.49999;8.581853700337776;9.517352392358324;1.1960251489717175;1.1818654999999998;1.167705851028282;-0.9354986920205484;0;Ожидать (Hold)
80;2020-09-25;EURUSD000TOM;1.16734;1.1613;1.16834;1.16296;2359924595.31;1 day lag;;1.166014949519158;1.1728340440687495;-0.006819094549591398;-1;29013565277.189987;10.490696433648587;8.076561121236674;1.196301161781679;1.1804934999999996;1.1646858382183203;2.414135312411913;1;Покупать (Long)
81;2020-09-28;EURUSD000TOM;1.1626100000000001;1.1624;1.16802;1.16644;1610525001.86;1 day lag;;1.1662274747595789;1.1715552352549996;-0.005327760495420719;-1;30624090279.049988;11.243386243386055;10.105312125790826;1.194881727990033;1.1791374999999997;1.1633932720099665;1.1380741175952291;1;Покупать (Long)
82;2020-09-29;EURUSD000TOM;1.1678600000000001;1.1667;1.17442;1.1743;3381030039.13;1 day lag;;1.1702637373797895;1.1721041882039998;-0.001840450824210249;0;34005120318.17999;29.99338624338587;17.242489640140192;1.1931047000527406;1.1782834999999996;1.1634622999472586;12.750896603245678;1;Покупать (Long)
83;2020-09-30;EURUSD000TOM;1.17354;1.16854;1.175;1.1726;2850271970.45;1 day lag;;1.1714318686898948;1.1722033505632;-0.0007714818733051132;0;31154848347.72999;41.18112014453473;27.472630877102244;1.1922970035753524;1.1776474999999995;1.1629979964246466;13.708489267432487;1;Покупать (Long)
84;2020-10-01;EURUSD000TOM;1.17476;1.1722;1.17686;1.17456;2356195345.41;1 day lag;;1.1729959343449474;1.1726746804505601;0.0003212538943873078;0;33511043693.139988;42.78745644599331;37.98732094463799;1.1914007196497571;1.1771164999999997;1.1628322803502422;4.800135501355314;1;Покупать (Long)
85;2020-10-02;EURUSD000TOM;1.17364;1.17;1.17408;1.1714;1967602937.28;1 day lag;;1.1721979671724738;1.172419744360448;-0.00022177718797422585;0;31543440755.85999;40.69686411149837;41.555146900675496;1.1906934919253522;1.1765134999999995;1.1623335080746469;-0.8582827891771245;0;Ожидать (Hold)
86;2020-10-05;EURUSD000TOM;1.17238;1.17214;1.1794;1.17856;1152128841.94;1 day lag;;1.175378983586237;1.1736477954883586;0.0017311880978783112;0;32695569597.799988;49.91791619360832;44.46741225036669;1.1904090771058202;1.1763714999999997;1.1623339228941791;5.450503943241628;1;Покупать (Long)
87;2020-10-06;EURUSD000TOM;1.17821;1.17318;1.18056;1.17318;1515920189.17;1 day lag;;1.1742794917931185;1.173554236390687;0.0007252554024315128;0;31179649408.62999;55.57062966790529;48.72846999100401;1.1902428205684776;1.1761504999999994;1.1620581794315212;6.842159676901275;1;Покупать (Long)
88;2020-10-07;EURUSD000TOM;1.17524;1.175;1.178;1.1764;1275473969.2;1 day lag;;1.1753397458965593;1.1741233891125495;0.0012163567840097755;0;32455123377.82999;52.79843444226968;52.76232676792779;1.1899201045058216;1.1759554999999995;1.1619908954941773;0.03610767434189199;0;Ожидать (Hold)
89;2020-10-08;EURUSD000TOM;1.17736;1.1735;1.17736;1.17582;1231651962.12;1 day lag;;1.1755798729482798;1.1744627112900399;0.0011171616582399402;0;31223471415.70999;58.24555432655478;55.5382061455766;1.1893835531380512;1.1756644999999994;1.1619454468619477;2.7073481809781796;1;Покупать (Long)
90;2020-10-09;EURUSD000TOM;1.17769;1.17705;1.1829399999999999;1.18275;4434709348.29;1 day lag;;1.17916493647414;1.176120169032032;0.0030447674421079096;0;35658180763.99999;78.25665032548443;63.10021303143632;1.1890903061833569;1.1755769999999994;1.162063693816642;15.15643729404811;1;Покупать (Long)
91;2020-10-12;EURUSD000TOM;1.18204;1.179;1.18222;1.1812;2304612919.13;1 day lag;;1.1801824682370698;1.1771361352256258;0.00304633301144408;0;33353567844.86999;95.54066543438125;77.34762336214017;1.1882242346239116;1.1753289999999994;1.1624337653760872;18.193042072241084;1;Покупать (Long)
92;2020-10-13;EURUSD000TOM;1.17866;1.17315;1.1798799999999998;1.17428;1810417160.74;1 day lag;;1.177231234118535;1.1765649081805007;0.0006663259380341735;0;31543150684.12999;75.97042513863258;83.25591363283277;1.1869972863209857;1.1748149999999993;1.1626327136790129;-7.2854884942001945;-1;Продавать (Short)
93;2020-10-14;EURUSD000TOM;1.1737;1.1721;1.177;1.1745;2140874899.77;1 day lag;;1.1758656170592676;1.1761519265444007;-0.00028630948513308496;0;33684025583.89999;60.4898336414053;77.33364140480639;1.186304779067882;1.1744799999999995;1.162655220932117;-16.843807763401088;-1;Продавать (Short)
94;2020-10-15;EURUSD000TOM;1.17366;1.169;1.1742;1.17082;1423953573.14;1 day lag;;1.1733428085296338;1.1750855412355206;-0.0017427327058867625;0;32260072010.75999;50.995667801161865;62.485308860399925;1.1847061797863707;1.1737819999999994;1.1628578202136282;-11.48964105923806;-1;Продавать (Short)
95;2020-10-16;EURUSD000TOM;1.17022;1.17022;1.1744;1.1715;2381845873.97;1 day lag;;1.172421404264817;1.1743684329884165;-0.001947028723599642;0;34641917884.72999;35.27491713873184;48.92013952709968;1.1829266327413561;1.1731339999999992;1.1633413672586423;-13.645222388367841;-1;Продавать (Short)
96;2020-10-19;EURUSD000TOM;1.17124;1.1709;1.1791200000000002;1.17708;1846112547.2;1 day lag;;1.1747507021324084;1.1749107463907333;-0.00016004425832494285;0;36488030431.929985;44.43110290093039;43.56722928027471;1.1829266327413561;1.1731339999999992;1.1633413672586423;0.8638736206556814;0;Ожидать (Hold)
97;2020-10-20;EURUSD000TOM;1.17696;1.17628;1.18398;1.18265;2267463173.17;1 day lag;;1.1787003510662042;1.1764585971125867;0.0022417539536174758;0;38755493605.09998;75.213525441329;51.63984849366375;1.1842864017590664;1.1736989999999992;1.163111598240932;23.57367694766525;1;Покупать (Long)
98;2020-10-21;EURUSD000TOM;1.18536;1.18436;1.1879899999999999;1.1858;5377535938.57;1 day lag;;1.182250175533102;1.1783268776900695;0.0039232978430325804;1;44133029543.66998;89.79455493053399;69.81306109093113;1.185859412751589;1.1747059999999991;1.1635525872484094;19.981493839602862;1;Покупать (Long)
99;2020-10-22;EURUSD000TOM;1.18488;1.18115;1.18656;1.18194;3207151450.04;1 day lag;;1.182095087766551;1.1790495021520557;0.0030455856144953053;0;40925878093.62998;78.30437072143263;81.10415036443187;1.1864740613845655;1.1754369999999992;1.164399938615433;-2.7997796429992405;-1;Продавать (Short)
100;2020-10-23;EURUSD000TOM;1.18008;1.17982;1.18625;1.1859;4938335405.22;1 day lag;;1.1839975438832755;1.1804196017216446;0.003577942161630876;1;45864213498.84998;78.56766719325988;82.2221976150755;1.1869432497801153;1.1765839999999992;1.166224750219883;-3.654530421815622;-1;Продавать (Short)
101;2020-10-26;EURUSD000TOM;1.1830399999999999;1.1804;1.18472;1.18074;2794535612.27;1 day lag;;1.1823687719416376;1.1804836813773156;0.0018850905643219562;0;43069677886.57999;75.40810953133229;77.4267158153416;1.1866874757019936;1.1772989999999992;1.1679105242980048;-2.0186062840093086;-1;Продавать (Short)
102;2020-10-27;EURUSD000TOM;1.18258;1.17974;1.1836799999999998;1.1806;1884326095.67;1 day lag;;1.1814843859708188;1.1805069451018526;0.0009774408689662284;0;41185351790.90999;61.453396524486834;71.80972441635966;1.1870016033154491;1.177613999999999;1.168226396684549;-10.356327891872823;-1;Продавать (Short)
103;2020-10-28;EURUSD000TOM;1.1769399999999999;1.17182;1.1778;1.17506;2782311230.27;1 day lag;;1.1782721929854094;1.1794175560814821;-0.0011453630960727157;0;38403040560.63999;46.49815692469759;61.11988766017223;1.186920851262276;1.1777369999999991;1.1685531487377223;-14.621730735474642;-1;Продавать (Short)
104;2020-10-29;EURUSD000TOM;1.175;1.165;1.1754200000000001;1.16734;3997770683.76;1 day lag;;1.1728060964927047;1.1770020448651857;-0.00419594837248094;-1;34405269876.87999;21.044935396734793;42.9988296153064;1.187545694981077;1.177375999999999;1.1672063050189212;-21.953894218571605;-1;Продавать (Short)
105;2020-10-30;EURUSD000TOM;1.1676799999999998;1.16426;1.1704;1.16445;2300959643.85;1 day lag;;1.1686280482463522;1.1744916358921487;-0.00586358764579642;-1;32104310233.02999;5.489506330002425;24.344199550478265;1.18839570946443;1.1770284999999991;1.1656612905355683;-18.85469322047584;-1;Продавать (Short)
106;2020-11-02;EURUSD000TOM;1.16432;1.16228;1.1655;1.16344;2194181337.15;1 day lag;;1.1660340241231761;1.172281308713719;-0.006247284590542801;-1;29910128895.87999;2.656268670146984;9.730236798961398;1.1890548188431602;1.1762724999999992;1.163490181156838;-7.073968128814414;-1;Продавать (Short)
107;2020-11-03;EURUSD000TOM;1.16609;1.16596;1.1738;1.17035;1882956381.92;1 day lag;;1.168192012061588;1.1718950469709752;-0.0037030349093871706;-1;31793085277.799988;17.95021392454316;8.69866297489752;1.1891082907807518;1.1761309999999991;1.1631537092192465;9.25155094964564;1;Покупать (Long)
108;2020-11-05;EURUSD000TOM;1.17366;1.17275;1.1859;1.1822;4007101253.03;1 day lag;;1.175196006030794;1.1739560375767804;0.0012399684540136402;0;35800186530.82999;54.434072345391;25.01351831336038;1.1896658388441945;1.176420999999999;1.1631761611558036;29.420554032030623;1;Покупать (Long)
109;2020-11-06;EURUSD000TOM;1.18276;1.18276;1.189;1.1882;2651770528.63;1 day lag;;1.181698003015397;1.1768048300614244;0.004893172953972513;1;38451957059.459984;87.24278397696997;53.209023415634704;1.1912375293628676;1.177039999999999;1.1628424706371303;34.03376056133527;1;Покупать (Long)
110;2020-11-09;EURUSD000TOM;1.1891399999999999;1.1797;1.19192;1.18248;5827806023.85;1 day lag;;1.1820890015076984;1.1779398640491396;0.004149137458558716;1;32624151035.609985;82.5785675612334;74.75180796119811;1.1912027833989927;1.177026499999999;1.1628502166010055;7.826759600035288;1;Покупать (Long)
111;2020-11-10;EURUSD000TOM;1.18319;1.1779600000000001;1.1841;1.18105;9006365343.58;1 day lag;;1.1815695007538491;1.1785618912393117;0.0030076095145374904;0;23617785692.029984;65.73886639676077;78.52007264498803;1.191186599514642;1.1770189999999991;1.1628514004853563;-12.781206248227264;-1;Продавать (Short)
112;2020-11-11;EURUSD000TOM;1.1825;1.17468;1.1828;1.1771200000000002;2636373130.63;1 day lag;;1.1793447503769245;1.1782735129914494;0.001071237385475099;0;20981412561.399982;56.6970310391363;68.33815499904348;1.1912727623282169;1.177160999999999;1.1630492376717811;-11.641123959907183;-1;Продавать (Short)
113;2020-11-12;EURUSD000TOM;1.17646;1.17646;1.182;1.1805;2881983148.59;1 day lag;;1.1799223751884624;1.1787188103931596;0.001203564795302814;0;23863395709.989983;55.76923076923106;59.40170940170936;1.1915888248859585;1.177460999999999;1.1633331751140394;-3.6324786324783034;-1;Продавать (Short)
114;2020-11-13;EURUSD000TOM;1.18051;1.18014;1.1835200000000001;1.18324;2125521406.21;1 day lag;;1.1815811875942313;1.1796230483145278;0.0019581392797034525;0;25988917116.19998;66.09311740890698;59.51979307242476;1.1920788447874984;1.1780819999999992;1.1640851552125;6.573324336482216;1;Покупать (Long)
115;2020-11-16;EURUSD000TOM;1.1849;1.1815;1.18684;1.18456;2243645140.28;1 day lag;;1.1830705937971158;1.1806104386516223;0.00246015514549347;0;28232562256.47998;72.94197031039135;64.93477282950978;1.1926610324574403;1.1787349999999992;1.1648089675425581;8.007197480881572;1;Покупать (Long)
116;2020-11-17;EURUSD000TOM;1.18566;1.18416;1.18928;1.18632;5656528208.28;1 day lag;;1.1846952968985578;1.181752350921298;0.0029429459772598587;0;33889090464.75998;78.13765182186228;72.39091318038685;1.1934812306061262;1.179196999999999;1.1649127693938717;5.746738641475432;1;Покупать (Long)
117;2020-11-18;EURUSD000TOM;1.18764;1.18536;1.18902;1.18572;2712970168.14;1 day lag;;1.1852076484492788;1.1825458807370384;0.0026617677122404704;0;31176120296.61998;80.0944669365722;77.05802968960859;1.1938443007094974;1.179350499999999;1.1648566992905007;3.036437246963615;1;Покупать (Long)
118;2020-11-19;EURUSD000TOM;1.1849;1.18164;1.1879;1.18765;1673968507.66;1 day lag;;1.1864288242246395;1.1835667045896308;0.0028621196350087086;0;32850088804.27998;82.33805668016203;80.19005847953214;1.1941226854192193;1.1794429999999991;1.164763314580779;2.1479982006298854;1;Покупать (Long)
119;2020-11-20;EURUSD000TOM;1.18826;1.1851;1.18838;1.1859600000000001;13817061517.75;1 day lag;;1.1861944121123198;1.1840453636717048;0.002149048440615031;0;19033027286.52998;82.74291497975719;81.72514619883044;1.1945630755748002;1.1796439999999992;1.1647249244251983;1.017768780926744;1;Покупать (Long)
120;2020-11-23;EURUSD000TOM;1.1876200000000001;1.1803;1.1905;1.1845;26587678884.53;1 day lag;;1.1853472060561598;1.1841362909373638;0.0012109151187960077;0;-7554651598.000019;75.65480163606847;80.24525776532921;1.1943877725109742;1.1795739999999992;1.1647602274890243;-4.590456129260744;-1;Продавать (Short)
121;2020-11-24;EURUSD000TOM;1.18544;1.18418;1.1893;1.18852;2998674065.11;1 day lag;;1.18693360302808;1.1850130327498911;0.0019205702781888156;0;-4555977532.890018;76.84075979015094;78.41282546865885;1.19527890167134;1.1799629999999992;1.1646470983286583;-1.5720656785079115;-1;Продавать (Short)
122;2020-11-25;EURUSD000TOM;1.18961;1.18;1.193;1.19211;3488130962.61;1 day lag;;1.18952180151404;1.186432426199913;0.0030893753141270075;0;-1067846570.2800183;88.70293774615968;80.39949972412634;1.196745930734319;1.180538499999999;1.1643310692656792;8.303438022033333;1;Покупать (Long)
123;2020-11-26;EURUSD000TOM;1.19336;1.1888;1.1939899999999999;1.1911;2918553310.83;1 day lag;;1.19031090075702;1.1873659409599306;0.0029449597970894192;0;-3986399881.1100183;90.0877913563805;85.2104962975637;1.1979662107820357;1.181340499999999;1.1647147892179623;4.877295058816813;1;Покупать (Long)
124;2020-11-27;EURUSD000TOM;1.19248;1.19146;1.1962;1.19602;2253944854.12;1 day lag;;1.19316545037851;1.1890967527679446;0.004068697610565497;1;-1732455026.9900184;92.09861504430815;90.29644804894942;1.1992694561687054;1.1827744999999992;1.166279543831293;1.802166995358732;1;Покупать (Long)
125;2020-11-30;EURUSD000TOM;1.19624;1.1932200000000002;1.2002;1.19354;3405663997.7;1 day lag;;1.193352725189255;1.1899854022143557;0.0033673229748993894;0;-5138119024.690018;86.53319504492487;89.57320048187114;1.19904935883533;1.184228999999999;1.1694086411646682;-3.0400054369462737;-1;Продавать (Short)
126;2020-12-01;EURUSD000TOM;1.19589;1.1956;1.2061;1.2061;4425327109.38;1 day lag;;1.1997263625946275;1.1932083217714846;0.00651804082314289;1;-712791915.3100176;86.9514106583074;88.5277402491801;1.2008766789150653;1.186361999999999;1.1718473210849327;-1.576329590872703;-1;Продавать (Short)
127;2020-12-02;EURUSD000TOM;1.2068;1.20418;1.2329999999999999;1.2102;3329463698.58;1 day lag;;1.2049631812973138;1.1966066574171876;0.008356523880126199;1;2616671783.2699823;78.49056603773586;83.991723913656;1.2043909864919427;1.188354499999999;1.1723180135080555;-5.501157875920143;-1;Продавать (Short)
128;2020-12-03;EURUSD000TOM;1.21189;1.2101;1.2174;1.2133399999999999;3510514895.82;1 day lag;;1.209151590648657;1.19995332593375;0.009198264714906923;1;6127186679.089983;59.94339622641508;75.1284576408194;1.2090099651479718;1.189911499999999;1.170813034852026;-15.185061414404323;-1;Продавать (Short)
129;2020-12-04;EURUSD000TOM;1.2155200000000002;1.212;1.2176200000000001;1.212;3432327424.28;1 day lag;;1.2105757953243286;1.2023626607470002;0.008213134577328418;1;2694859254.809983;61.64150943396228;66.69182389937103;1.2124575645018776;1.191101499999999;1.1697454354981203;-5.0503144654087535;-1;Продавать (Short)
130;2020-12-07;EURUSD000TOM;1.2126;1.20351;1.2161;1.21122;4199376953.3;1 day lag;;1.2108978976621643;1.2041341285976002;0.006763769064564107;1;-1504517698.4900174;59.64150943396237;60.408805031446526;1.2152080031045327;1.192538499999999;1.1698689968954654;-0.7672955974841571;0;Ожидать (Hold)
131;2020-12-08;EURUSD000TOM;1.21128;1.2097;1.2132;1.2106;4506926807.73;1 day lag;;1.210748948831082;1.2054273028780802;0.005321645953001886;1;-6011444506.2200165;58.32075471698117;59.8679245283019;1.2173402529571087;1.194015999999999;1.1706917470428895;-1.5471698113207282;-1;Продавать (Short)
132;2020-12-09;EURUSD000TOM;1.21366;1.206;1.214;1.2081600000000001;6477167199.79;1 day lag;;1.209454474415541;1.2059738423024642;0.0034806321130769202;0;-12488611706.010017;55.43396226415113;57.798742138364844;1.2183122639803299;1.195567999999999;1.1728237360196683;-2.364779874213717;-1;Продавать (Short)
133;2020-12-10;EURUSD000TOM;1.2086;1.20812;1.2157;1.2141;5675930680.55;1 day lag;;1.2117772372077704;1.2075990738419713;0.004178163365799126;1;-6812681025.460017;58.73584905660402;57.49685534591206;1.2202543040058078;1.197247999999999;1.1742416959941901;1.2389937106919575;1;Покупать (Long)
134;2020-12-11;EURUSD000TOM;1.2156;1.21072;1.21584;1.21143;2158996638.98;1 day lag;;1.2116036186038852;1.208365259073577;0.0032383595303082657;0;-8971677664.440018;61.82075471698127;58.66352201257877;1.2215119147815652;1.198657499999999;1.175803085218433;3.157232704402503;1;Покупать (Long)
135;2020-12-14;EURUSD000TOM;1.214;1.2124;1.2174399999999999;1.2142;2858977039.71;1 day lag;;1.2129018093019426;1.2095322072588617;0.0033696020430808993;0;-6112700624.730018;61.91509433962277;60.82389937106931;1.2229891157300197;1.2001394999999988;1.177289884269978;1.0911949685534594;1;Покупать (Long)
136;2020-12-15;EURUSD000TOM;1.21492;1.2121;1.21658;1.216;1653272219.26;1 day lag;;1.2144509046509713;1.2108257658070893;0.0036251388438819365;1;-4459428405.470017;63.03338171262704;62.25641025641031;1.2245453518233094;1.2016234999999988;1.1787016481766883;0.776971456216728;0;Ожидать (Hold)
137;2020-12-16;EURUSD000TOM;1.2162600000000001;1.2125299999999999;1.22112;1.21948;2425845780.86;1 day lag;;1.2169654523254856;1.2125566126456715;0.004408839679814092;1;-2033582624.6100173;64.4957594163179;63.148078489522526;1.2262723486561056;1.203311499999999;1.1803506513438924;1.3476809267953698;1;Покупать (Long)
138;2020-12-17;EURUSD000TOM;1.22286;1.2225;1.2271;1.22615;3015021285.64;1 day lag;;1.2215577261627428;1.2152752901165373;0.006282436046205486;1;981438661.0299826;75.1166744489978;67.54860519264753;1.2290617171240656;1.205236499999999;1.1814112828759322;7.56806925635027;1;Покупать (Long)
139;2020-12-18;EURUSD000TOM;1.22516;1.2227;1.2268;1.22434;3304981961.24;1 day lag;;1.2229488630813714;1.21708823209323;0.005860630988141491;1;-2323543300.210017;79.8126056949589;73.14167985342482;1.230641299518174;1.207155499999999;1.183669700481824;6.6709258415340855;1;Покупать (Long)
140;2020-12-21;EURUSD000TOM;1.2196799999999999;1.213;1.22528;1.2238;6388634318.46;1 day lag;;1.2233744315406856;1.218430585674584;0.004943845866101526;1;-8712177618.670017;72.82395192424532;75.91774402273397;1.2312313891501134;1.209120499999999;1.1870096108498844;-3.093792098488649;-1;Продавать (Short)
141;2020-12-22;EURUSD000TOM;1.2217200000000001;1.2152;1.22556;1.21538;4105719166.65;1 day lag;;1.2193772157703426;1.2178204685396674;0.0015567472306752261;0;-12817896785.320017;59.56045769461342;70.73233843793918;1.230579090247566;1.210463499999999;1.190347909752432;-11.171880743325758;-1;Продавать (Short)
142;2020-12-23;EURUSD000TOM;1.21796;1.216;1.22186;1.2181;5567197076.46;1 day lag;;1.2187386078851712;1.217876374831734;0.0008622330534371336;0;-7250699708.860017;56.08308605341182;62.82249855742348;1.2302609783762322;1.211762999999999;1.193265021623766;-6.739412504011661;-1;Продавать (Short)
143;2020-12-24;EURUSD000TOM;1.22052;1.21776;1.22098;1.2206;2308140669.07;1 day lag;;1.2196693039425854;1.2184210998653873;0.0012482040771981673;0;-4942559039.790016;67.14709622721429;60.9302133250798;1.2294768208933449;1.2132379999999992;1.1969991791066534;6.216882902134493;1;Покупать (Long)
144;2020-12-25;EURUSD000TOM;1.22086;1.2155;1.22224;1.22213;6390491326.58;1 day lag;;1.2208996519712927;1.2191628798923098;0.0017367720789829288;0;1447932286.7899837;74.4457246523844;65.89196897767012;1.2291518404604107;1.214543499999999;1.1999351595395875;8.553755674714282;1;Покупать (Long)
145;2020-12-28;EURUSD000TOM;1.22151;1.21938;1.23;1.2205;4691638209.78;1 day lag;;1.2206998259856463;1.2194303039138479;0.0012695220717984235;0;-3243705922.990016;68.43108214849882;70.00796767603246;1.227071919089021;1.2158914999999992;1.2047110809109776;-1.5768855275336477;-1;Продавать (Short)
146;2020-12-29;EURUSD000TOM;1.22361;1.2236;1.2274;1.2251;4189381906.5;1 day lag;;1.222899912992823;1.2205642431310784;0.002335669861744716;0;945675983.509984;69.01089274832424;70.6292331830691;1.227758293073354;1.2168414999999992;1.2059247069266446;-1.6183404347448658;-1;Продавать (Short)
147;2020-12-30;EURUSD000TOM;1.22781;1.22541;1.232;1.2293;7763672171.65;1 day lag;;1.2260999564964115;1.2223113945048627;0.0037885619915487556;1;8709348155.159985;82.45857445258517;73.30018311646937;1.2295331609820463;1.217796499999999;1.2060598390179518;9.158391336115798;1;Покупать (Long)
148;2021-01-04;EURUSD000TOM;1.22679;1.2243600000000001;1.2309999999999999;1.2247;516094082.9;1 day lag;;1.2253999782482057;1.2227891156038901;0.002610862644315537;0;8193254072.259985;75.31430649488038;75.59459123192988;1.2302816430723578;1.2183644999999992;1.2064473569276406;-0.28028473704949874;0;Ожидать (Hold)
149;2021-01-05;EURUSD000TOM;1.2273;1.22516;1.2306;1.2298;737948289.36;1 day lag;;1.2275999891241027;1.2241912924831122;0.0034086966409905273;0;8931202361.619986;76.13065326633152;77.96784473793231;1.2317805791553733;1.2192544999999992;1.2067284208446252;-1.8371914716007893;-1;Продавать (Short)
150;2021-01-06;EURUSD000TOM;1.23155;1.2269700000000001;1.23469;1.2323;820061157.24;1 day lag;;1.2299499945620513;1.2258130339864897;0.004136960575561677;1;9751263518.859985;89.07976253106672;80.1749074307595;1.2334836801129185;1.2203084999999991;1.2071333198870797;8.904855100307216;1;Покупать (Long)
151;2021-01-08;EURUSD000TOM;1.22615;1.2193100000000001;1.22834;1.2222;1106598964.49;1 day lag;;1.2260749972810256;1.2250904271891918;0.0009845700918338363;0;8644664554.369986;65.81533064364402;77.00858214701405;1.2333023765503421;1.2208884999999992;1.2084746234496562;-11.193251503370035;-1;Продавать (Short)
152;2021-01-11;EURUSD000TOM;1.21876;1.21348;1.21999;1.21576;4480152011.19;1 day lag;;1.220917498640513;1.2232243417513535;-0.0023068431108406173;0;4164512543.179986;27.570308898109147;60.82180069093992;1.2325105679150603;1.2212684999999992;1.210026432084938;-33.25149179283077;-1;Продавать (Short)
153;2021-01-12;EURUSD000TOM;1.2159;1.21374;1.2206;1.2205;4128484564.12;1 day lag;;1.2207087493202564;1.2226794734010829;-0.001970724080826436;0;8292997107.299986;23.651452282157013;39.01236394130335;1.232350243864474;1.2215884999999993;1.2108267561355246;-15.360911659146335;-1;Продавать (Short)
154;2021-01-13;EURUSD000TOM;1.22149;1.214;1.2222;1.21556;4895766688.53;1 day lag;;1.2181343746601283;1.2212555787208663;-0.0031212040607380143;0;3397230418.769986;22.192420783275498;24.471393987847176;1.2319080658064623;1.2217949999999993;1.2116819341935363;-2.2789732045716775;-1;Продавать (Short)
155;2021-01-14;EURUSD000TOM;1.21504;1.2109999999999999;1.21774;1.2162;4174227579.13;1 day lag;;1.2171671873300642;1.220244462976693;-0.003077275646628852;0;7571457997.899986;15.878442454388594;20.574105173273654;1.2317417304221066;1.2218949999999993;1.212048269577892;-4.69566271888506;-1;Продавать (Short)
156;2021-01-15;EURUSD000TOM;1.21351;1.2078;1.21469;1.20785;2213589287.09;1 day lag;;1.2125085936650322;1.2177655703813546;-0.005256976716322415;-1;5357868710.809986;11.06806634160337;16.37964319308911;1.2328363358436851;1.2214874999999992;1.2101386641563132;-5.311576851485739;-1;Продавать (Short)
157;2021-01-18;EURUSD000TOM;1.2081899999999999;1.2055;1.20874;1.2082;2364974180.13;1 day lag;;1.210354296832516;1.2158524563050837;-0.005498159472567599;-1;7722842890.939986;4.717842896166032;10.554783897385954;1.2336525695263432;1.2209234999999992;1.2081944304736552;-5.836941001219922;-1;Продавать (Short)
158;2021-01-19;EURUSD000TOM;1.20956;1.20862;1.2145;1.2124;4199432490.64;1 day lag;;1.211377148416258;1.215161965044067;-0.00378481662780894;-1;11922275381.579987;16.44398766700892;10.743298968259396;1.233243895141278;1.2202359999999992;1.2072281048587203;5.7006886987495236;1;Покупать (Long)
159;2021-01-20;EURUSD000TOM;1.21522;1.20774;1.2157;1.21036;3617247061.55;1 day lag;;1.210868574208129;1.2142015720352537;-0.0033329978271245952;0;8305028320.029986;20.14388489208627;13.768571818420362;1.2330791358731086;1.2195369999999992;1.2059948641268898;6.375313073665907;1;Покупать (Long)
160;2021-01-21;EURUSD000TOM;1.2131;1.2112;1.217;1.2167;3851719662.89;1 day lag;;1.2137842871040645;1.214701257628203;-0.0009169705241385273;0;12156747982.919987;27.509421034600766;21.365764531231942;1.2326304357457611;1.219181999999999;1.205733564254237;6.143656503368824;1;Покупать (Long)
161;2021-01-22;EURUSD000TOM;1.21624;1.2153;1.2186;1.21692;3374047074.17;1 day lag;;1.2153521435520322;1.2151450061025624;0.0002071374494698741;0;15530795057.089987;38.74614594039023;28.79981728902571;1.2326369294364627;1.2192589999999992;1.2058810705635357;9.946328651364517;1;Покупать (Long)
162;2021-01-25;EURUSD000TOM;1.2178;1.21186;1.21812;1.2138799999999998;3261884747.56;1 day lag;;1.2146160717760162;1.21489200488205;-0.00027593310603379884;0;12268910309.529987;33.9157245632062;33.39043051273236;1.2326240444904368;1.2190479999999992;1.2054719555095617;0.525294050473839;0;Ожидать (Hold)
163;2021-01-26;EURUSD000TOM;1.21289;1.2111;1.2175;1.21664;2607421617.68;1 day lag;;1.215628035888008;1.21524160390564;0.00038643198236809617;0;14876331927.209988;33.43610825625166;35.36599291994932;1.2324452241617498;1.218849999999999;1.2052547758382484;-1.9298846636976634;-1;Продавать (Short)
164;2021-01-27;EURUSD000TOM;1.2161600000000001;1.206;1.2161600000000001;1.21045;5858696644.39;1 day lag;;1.213039017944004;1.214283283124512;-0.0012442651805080196;0;9017635282.819988;29.91812954440037;32.423320787952704;1.2322454926949113;1.2182659999999992;1.204286507305087;-2.5051912435523356;-1;Продавать (Short)
165;2021-01-28;EURUSD000TOM;1.20961;1.20836;1.2142;1.21286;3811349078.22;1 day lag;;1.212949508972002;1.2139986264996097;-0.0010491175276077236;0;12828984361.039988;32.872180332854626;32.07547271116885;1.2320151477243741;1.217883999999999;1.203752852275624;0.7967076216857762;0;Ожидать (Hold)
166;2021-01-29;EURUSD000TOM;1.2105;1.2098;1.2155;1.21348;2662410618.03;1 day lag;;1.213214754486001;1.2138949011996878;-0.0006801467136867689;0;15491394979.069988;45.92814371257473;36.239484529943205;1.2311523322586027;1.217302999999999;1.2034536677413952;9.688659182631525;1;Покупать (Long)
167;2021-02-01;EURUSD000TOM;1.2131;1.2059;1.21315;1.206;1954646015.18;1 day lag;;1.2096073772430005;1.2123159209597503;-0.0027085437167497783;0;13536748963.889988;25.38922155688577;34.729848534105;1.2296709621298616;1.216137999999999;1.2026050378701365;-9.340626977219234;-1;Продавать (Short)
168;2021-02-02;EURUSD000TOM;1.20702;1.20118;1.20849;1.20265;3112523826.9;1 day lag;;1.2061286886215004;1.2103827367678002;-0.004254048146299816;-1;10424225136.989988;5.716294162536067;25.67788647733215;1.229177731047739;1.215035499999999;1.2008932689522591;-19.961592314796086;-1;Продавать (Short)
169;2021-02-03;EURUSD000TOM;1.2033200000000002;1.2005;1.2041;1.2033;1570152080.11;1 day lag;;1.2047143443107502;1.2089661894142403;-0.004251845103490082;-1;11994377217.099989;11.9540948043469;14.353203507922876;1.22701187207238;1.213710499999999;1.2004091279276181;-2.399108703575976;-1;Продавать (Short)
170;2021-02-04;EURUSD000TOM;1.20076;1.19584;1.2013200000000002;1.19675;3306578647.09;1 day lag;;1.2007321721553752;1.2065229515313922;-0.005790779376017019;-1;8687798570.009989;9.733927895212396;9.134772287365085;1.2242904384080227;1.211932999999999;1.1995755615919754;0.5991556078473117;0;Ожидать (Hold)
171;2021-02-05;EURUSD000TOM;1.19654;1.196;1.20466;1.20466;1480983518.44;1 day lag;;1.2026960860776876;1.2061503612251139;-0.0034542751474262445;0;10168782088.44999;21.37521968365565;14.35441412773828;1.2228512030931695;1.211055999999999;1.1992607969068285;7.02080555591737;1;Покупать (Long)
172;2021-02-08;EURUSD000TOM;1.20377;1.20192;1.2065;1.2056;2189676296.12;1 day lag;;1.2041480430388438;1.2060402889800912;-0.0018922459412473724;0;12358458384.569988;40.817223198594284;23.97545692582074;1.2223642017589877;1.210547999999999;1.1987317982410104;16.841766272773544;1;Покупать (Long)
173;2021-02-09;EURUSD000TOM;1.20784;1.20676;1.21204;1.21184;3256712229.09;1 day lag;;1.207994021519422;1.207200231184073;0.0007937903353489872;0;15615170613.659988;56.590509666081104;39.594317516110316;1.2210419419331109;1.210114999999999;1.199188058066887;16.99619214997079;1;Покупать (Long)
174;2021-02-10;EURUSD000TOM;1.2125;1.21126;1.2142600000000001;1.2121600000000001;3188021470.62;1 day lag;;1.210077010759711;1.2081921849472586;0.0018848258124524175;0;18803192084.279987;71.00175746924488;56.1364967779734;1.2206309374885995;1.209944999999999;1.1992590625113984;14.86526069127148;1;Покупать (Long)
175;2021-02-11;EURUSD000TOM;1.21264;1.21183;1.2147700000000001;1.21344;1512423062.47;1 day lag;;1.2117585053798554;1.2092417479578068;0.002516757422048599;0;20315615146.74999;75.34967958527551;67.6473155735338;1.22023441981553;1.209806999999999;1.199379580184468;7.702364011741707;1;Покупать (Long)
176;2021-02-12;EURUSD000TOM;1.21279;1.2085;1.21279;1.21195;3533035895.19;1 day lag;;1.2118542526899279;1.2097833983662456;0.0020708543236822585;0;16782579251.559988;76.68567265276496;74.34570323576176;1.2204386727199905;1.210011999999999;1.1995853272800074;2.3399694170032035;1;Покупать (Long)
177;2021-02-15;EURUSD000TOM;1.21355;1.21223;1.21438;1.2131399999999999;2968024278.25;1 day lag;;1.2124971263449638;1.2104547186929966;0.0020424076519671708;0;19750603529.80999;79.75726328876436;77.26420517560159;1.22073619790833;1.2102589999999989;1.1997818020916677;2.4930581131627747;1;Покупать (Long)
178;2021-02-16;EURUSD000TOM;1.2139799999999998;1.2096200000000001;1.2168;1.21135;6896123061.49;1 day lag;;1.2119235631724818;1.2106337749543972;0.0012897882180846754;0;12854480468.31999;79.56794343932106;78.6702931269501;1.2206507295556221;1.2102064999999989;1.1997622704443756;0.8976503123709563;0;Ожидать (Hold)
179;2021-02-17;EURUSD000TOM;1.20848;1.2024;1.2085;1.2041;4676929629.44;1 day lag;;1.208011781586241;1.2093270199635178;-0.0013152383772767617;0;8177550838.879991;56.70324427480854;72.00948366763129;1.220670475967792;1.2098934999999988;1.1991165240322057;-15.306239392822746;-1;Продавать (Short)
180;2021-02-18;EURUSD000TOM;1.20443;1.2036200000000001;1.2093;1.2093;2350269038.01;1 day lag;;1.2086558907931204;1.2093216159708142;-0.00066572517769381;0;10527819876.889992;51.81297709923632;62.694721604455275;1.219838555550496;1.2095234999999989;1.1992084444495017;-10.881744505218954;-1;Продавать (Short)
181;2021-02-19;EURUSD000TOM;1.2092100000000001;1.20896;1.2144;1.21145;3510546909.15;1 day lag;;1.2100529453965603;1.2097472927766515;0.00030565261990878057;0;14038366786.039991;69.34637404580104;59.28753180661527;1.2190429464418209;1.2092499999999986;1.1994570535581763;10.058842239185772;1;Покупать (Long)
182;2021-02-20;EURUSD000TOM;1.21;1.21;1.2152;1.21399;2761382314.31;1 day lag;;1.21202147269828;1.2105958342213212;0.0014256384769588681;0;16799749100.34999;80.5343511450373;67.23123409669152;1.2190589595430168;1.2092554999999987;1.1994520404569806;13.303117048345783;1;Покупать (Long)
183;2021-02-22;EURUSD000TOM;1.21145;1.2094200000000002;1.21684;1.2158;868196077.8;1 day lag;;1.2139107363491402;1.211636667377057;0.002274068972083043;0;17667945178.14999;90.82056524900005;80.23376347994609;1.2188965104311769;1.2092134999999988;1.1995304895688208;10.586801769053963;1;Покупать (Long)
184;2021-02-24;EURUSD000TOM;1.2156;1.21091;1.2174;1.2165;3187617687.02;1 day lag;;1.21520536817457;1.2126093339016457;0.002596034272924319;0;20855562865.16999;95.42100578549163;88.9253073931763;1.2196996877412492;1.2095159999999987;1.1993323122587483;6.495698392315333;1;Покупать (Long)
185;2021-02-25;EURUSD000TOM;1.2178;1.2162;1.2241799999999998;1.2176;5414795494.28;1 day lag;;1.216402684087285;1.2136074671213166;0.0027952169659684056;0;26270358359.44999;83.11732204784573;89.78629769411243;1.2204448924429387;1.2097529999999987;1.1990611075570587;-6.668975646266702;-1;Продавать (Short)
186;2021-02-26;EURUSD000TOM;1.21492;1.20726;1.2158;1.20764;4115655288.45;1 day lag;;1.2120213420436425;1.2124139736970534;-0.0003926316534108576;0;22154703070.99999;47.24951054282161;75.26261279205296;1.2200482733038454;1.2094609999999988;1.1988737266961522;-28.013102249231352;-1;Продавать (Short)
187;2021-03-01;EURUSD000TOM;1.20824;1.20282;1.2092200000000002;1.20448;2552840750.34;1 day lag;;1.2082506710218213;1.2108271789576428;-0.002576507935821537;0;19601862320.65999;16.804407713499188;49.057080101388806;1.2200917091120342;1.2093849999999988;1.1986782908879634;-32.25267238788962;-1;Продавать (Short)
188;2021-03-02;EURUSD000TOM;1.2026;1.1992;1.2092200000000002;1.20896;3860427412.95;1 day lag;;1.2086053355109105;1.2104537431661142;-0.0018484076552036655;0;23462289733.60999;24.310651459643744;29.45485657198814;1.2199571826513138;1.209700499999999;1.199443817348684;-5.144205112344398;-1;Продавать (Short)
189;2021-03-03;EURUSD000TOM;1.20858;1.2044;1.2111399999999999;1.20668;3363018242.43;1 day lag;;1.2076426677554553;1.2096989945328915;-0.0020563267774362792;0;20099271491.17999;34.507606084868044;25.20755508600362;1.2198051277611905;1.209869499999999;1.1999338722388075;9.300050998864425;1;Покупать (Long)
190;2021-03-04;EURUSD000TOM;1.20504;1.19624;1.2075;1.1972;3166901885.13;1 day lag;;1.2024213338777276;1.2071991956263133;-0.004777861748585632;-1;16932369606.049988;16.689944654363565;25.16940073295841;1.2197100275010206;1.2098919999999989;1.200073972498977;-8.479456078594847;-1;Продавать (Short)
191;2021-03-05;EURUSD000TOM;1.197;1.1892;1.204;1.1923;4366979706.88;1 day lag;;1.197360666938864;1.2042193565010506;-0.006858689562186715;-1;12565389899.169987;6.149070560005034;19.115540433078845;1.2215738738209263;1.2092739999999988;1.1969741261790714;-12.96646987307381;-1;Продавать (Short)
192;2021-03-09;EURUSD000TOM;1.186;1.1850100000000001;1.1915200000000001;1.19036;3274410569.94;1 day lag;;1.193860333469432;1.2014474852008405;-0.007587151731408559;-1;9290979329.229986;11.26030951272627;11.366441575698252;1.2232704736341218;1.208511999999999;1.193753526365876;-0.10613206297198197;0;Ожидать (Hold)
193;2021-03-10;EURUSD000TOM;1.18814;1.187;1.1926;1.1926;2646280782.63;1 day lag;;1.193230166734716;1.1996779881606725;-0.006447821425956457;-1;11937260111.859985;16.517743170794034;11.309041081175074;1.223752900975098;1.207549999999999;1.1913470990249;5.20870208961896;1;Покупать (Long)
194;2021-03-11;EURUSD000TOM;1.219;1.1712;1.219;1.19875;2747728104.31;1 day lag;;1.195990083367358;1.1994923905285382;-0.0035023071611801626;-1;14684988216.169985;35.6889146467187;21.155655776746297;1.2233711129899123;1.206879499999999;1.1903878870100857;14.533258869972403;1;Покупать (Long)
195;2021-03-12;EURUSD000TOM;1.19602;1.1910100000000001;1.19666;1.1962;3073841486.95;1 day lag;;1.1960950416836789;1.1988339124228307;-0.0027388707391517997;0;11611146729.219986;49.59418648546628;33.933614767659634;1.2228461492330178;1.206017499999999;1.1891888507669803;15.660571717806647;1;Покупать (Long)
196;2021-03-15;EURUSD000TOM;1.1732;1.1732;1.1954;1.19296;3160368941.18;1 day lag;;1.1945275208418393;1.1976591299382646;-0.003131609096425292;0;8450777788.039986;44.12986032465089;43.13765381894526;1.222579652806309;1.205067999999999;1.1875563471936887;0.9922065057056315;0;Ожидать (Hold)
197;2021-03-16;EURUSD000TOM;1.1938;1.18844;1.19516;1.19034;2734153505.3;1 day lag;;1.1924337604209196;1.1961953039506117;-0.0037615435296920463;-1;5716624282.739985;38.59947149867883;44.1078394362653;1.2221436785217568;1.203927999999999;1.1857123214782412;-5.5083679375864705;-1;Продавать (Short)
198;2021-03-17;EURUSD000TOM;1.19;1.1887;1.1982;1.1982;3161502036.94;1 day lag;;1.1953168802104597;1.1965962431604895;-0.0012793629500298387;0;8878126319.679985;43.54473386183467;42.0913552283881;1.221315623967663;1.203270499999999;1.185225376032335;1.4533786334465688;1;Покупать (Long)
199;2021-03-18;EURUSD000TOM;1.1959600000000001;1.19066;1.19886;1.19173;4800632285.0;1 day lag;;1.19352344010523;1.1956229945283916;-0.002099554423161676;0;4077494034.679985;46.95620910077371;43.03347148709571;1.221376191411348;1.202651999999999;1.18392780858865;3.9227376136780023;1;Покупать (Long)
200;2021-03-19;EURUSD000TOM;1.1913200000000002;1.1875;1.1936200000000001;1.19042;2155231340.05;1 day lag;;1.191971720052615;1.1945823956227133;-0.0026106755700983086;0;1922262694.6299849;41.57949790794968;44.026813623519324;1.2208943488973005;1.2017079999999989;1.1825216511026972;-2.447315715569644;-1;Продавать (Short)
201;2021-03-22;EURUSD000TOM;1.18992;1.1875;1.1946;1.19356;2154807323.52;1 day lag;;1.1927658600263076;1.1943779164981707;-0.0016120564718631325;0;4077070018.149985;43.49372384937227;44.00981028603186;1.2197663924179765;1.200813499999999;1.1818606075820217;-0.5160864366595845;0;Ожидать (Hold)
202;2021-03-23;EURUSD000TOM;1.19302;1.18449;1.19302;1.1849;2839153679.45;1 day lag;;1.1888329300131537;1.1924823331985366;-0.0036494031853828712;-1;1237916338.699985;37.719665271966456;40.9309623430961;1.2185077262241621;1.199358999999999;1.1802102737758358;-3.2112970711296427;-1;Продавать (Short)
203;2021-03-24;EURUSD000TOM;1.214;1.17476;1.214;1.1810100000000001;5878598345.25;1 day lag;;1.184921465006577;1.1901878665588295;-0.005266401552252553;-1;-4640682006.5500145;24.592050209205134;35.26847977684792;1.216798815394674;1.197619499999999;1.1784401846053238;-10.676429567642785;-1;Продавать (Short)
204;2021-03-25;EURUSD000TOM;1.18222;1.1761;1.18256;1.17676;3155805288.6;1 day lag;;1.1808407325032886;1.1875022932470636;-0.006661560743774997;-1;-7796487295.150015;16.077405857740672;26.129707112970717;1.2148101577039268;1.195632499999999;1.1764548422960712;-10.052301255230045;-1;Продавать (Short)
205;2021-03-26;EURUSD000TOM;1.17804;1.1771200000000002;1.1803;1.17916;1452704780.14;1 day lag;;1.1800003662516443;1.185833834597651;-0.0058334683460066206;-1;-6343782515.010015;14.142259414225895;18.270571827057196;1.2113389048912102;1.193710499999999;1.1760820951087878;-4.128312412831301;-1;Продавать (Short)
206;2021-03-29;EURUSD000TOM;1.17862;1.1762;1.1793;1.17648;2172885387.75;1 day lag;;1.1782401831258222;1.1839630676781208;-0.005722884552298524;-1;-8516667902.760015;13.849372384937132;14.689679218967862;1.2100863516501061;1.192152499999999;1.174218648349892;-0.8403068340307307;0;Ожидать (Hold)
207;2021-03-30;EURUSD000TOM;1.1765;1.17114;1.1765;1.1721;4458038277.88;1 day lag;;1.175170091562911;1.1815904541424966;-0.006420362579585559;-1;-12974706180.640015;6.52593775079665;11.50585651665319;1.2095378545275353;1.190533499999999;1.1715291454724628;-4.97991876585654;-1;Продавать (Short)
208;2021-03-31;EURUSD000TOM;1.1704;1.17032;1.1758600000000001;1.1728;3462057902.64;1 day lag;;1.1739850457814556;1.1798323633139973;-0.0058473175325417515;-1;-9512648278.000015;3.8417530373233393;8.072354391019003;1.2072478718515773;1.188725499999999;1.1702031281484206;-4.230601353695663;-1;Продавать (Short)
209;2021-04-01;EURUSD000TOM;1.17256;1.1713;1.17784;1.1775799999999998;1349144237.82;1 day lag;;1.1757825228907277;1.179381890651198;-0.003599367760470207;-1;-8163504040.180016;11.149267399267252;7.172319395795711;1.2044455335955313;1.187270499999999;1.1700954664044667;3.9769480034715414;1;Покупать (Long)
210;2021-04-02;EURUSD000TOM;1.17804;1.175;1.1786;1.17648;881076039.65;1 day lag;;1.1761312614453638;1.1788015125209583;-0.0026702510755944875;0;-9044580079.830015;15.361721611721363;10.117580682770615;1.2033884085635904;1.186234499999999;1.1690805914364075;5.244140928950747;1;Покупать (Long)
211;2021-04-05;EURUSD000TOM;1.17648;1.1738;1.1855;1.18108;1646037074.98;1 day lag;;1.1786056307226818;1.1792572100167666;-0.0006515792940848808;0;-7398543004.850016;19.36813186813169;15.293040293040065;1.2027308565069676;1.1856734999999992;1.1686161434930307;4.075091575091626;1;Покупать (Long)
212;2021-04-06;EURUSD000TOM;1.18024;1.17954;1.1876799999999998;1.1873;2606038569.7;1 day lag;;1.182952815361341;1.1808657680134134;0.0020870473479275287;0;-4792504435.150016;31.7536630036629;22.161172161171947;1.2024614627532184;1.185520499999999;1.1685795372467798;9.592490842490953;1;Покупать (Long)
213;2021-04-07;EURUSD000TOM;1.1873;1.1840000000000002;1.19126;1.18706;2798119069.84;1 day lag;;1.1850064076806706;1.1821046144107308;0.0029017932699397786;0;-7590623504.990016;38.598901098901116;29.906898656898534;1.2018910058494296;1.185243499999999;1.1685959941505684;8.692002442002583;1;Покупать (Long)
214;2021-04-08;EURUSD000TOM;1.1871399999999999;1.18614;1.19246;1.19125;2081483810.9;1 day lag;;1.1881282038403351;1.1839336915285847;0.004194512311750387;1;-5509139694.090015;43.120421245421156;37.824328449328355;1.2005945119231678;1.184868499999999;1.1691424880768302;5.2960927960928;1;Покупать (Long)
215;2021-04-09;EURUSD000TOM;1.19064;1.18685;1.19098;1.19016;1951441291.29;1 day lag;;1.1891441019201676;1.1851789532228678;0.003965148697299803;1;-7460580985.380015;46.66895604395607;42.79609279609275;1.199628440479498;1.184566499999999;1.1695045595205;3.8728632478633216;1;Покупать (Long)
216;2021-04-12;EURUSD000TOM;1.1892;1.18724;1.1918;1.19115;1906344454.16;1 day lag;;1.1901470509600838;1.1863731625782943;0.003773888381789492;1;-5554236531.220016;46.554487179487225;45.447954822954785;1.1993557720415426;1.184475999999999;1.1695962279584553;1.1065323565324405;1;Покупать (Long)
217;2021-04-13;EURUSD000TOM;1.18888;1.188;1.1955;1.19508;2604242040.81;1 day lag;;1.1926135254800418;1.1881145300626355;0.004498995417406393;1;-2949994490.4100156;73.00986923455127;55.41110415266483;1.200101131920658;1.184712999999999;1.16932486807934;17.598765081886448;1;Покупать (Long)
218;2021-04-14;EURUSD000TOM;1.19574;1.1950399999999999;1.19858;1.19785;3135947115.96;1 day lag;;1.195231762740021;1.1900616240501085;0.005170138689912562;1;185952625.54998446;97.87442656328084;72.47959432577308;1.2000229165797196;1.184695499999999;1.1693680834202784;25.394832237507757;1;Покупать (Long)
219;2021-04-15;EURUSD000TOM;1.19736;1.19191;1.199;1.19702;3696359173.81;1 day lag;;1.1961258813700106;1.1914532992400868;0.00467258212992383;1;-3510406548.2600155;95.2565389524055;88.7136115834125;1.2009328419515224;1.184959999999999;1.1689871580484754;6.542927368993006;1;Покупать (Long)
220;2021-04-16;EURUSD000TOM;1.1957;1.1955799999999999;1.19934;1.19802;2528300585.68;1 day lag;;1.1970729406850054;1.1927666393920695;0.004306301292935855;1;-982105962.5800157;94.27382356418443;95.80159635995687;1.202153818127004;1.185339999999999;1.168526181872994;-1.5277727957724494;-1;Продавать (Short)
221;2021-04-19;EURUSD000TOM;1.1958;1.19574;1.20456;1.20346;3324382053.01;1 day lag;;1.2002664703425028;1.1949053115136556;0.005361158828847135;1;2342276090.4299846;96.11939799815778;95.21658683824917;1.2041073173135783;1.1858349999999989;1.1675626826864194;0.9028111599086088;0;Ожидать (Hold)
222;2021-04-20;EURUSD000TOM;1.20642;1.20222;1.20784;1.20338;2975879157.5;1 day lag;;1.2018232351712514;1.1966002492109244;0.005222985960326998;1;-633603067.0700154;92.2907906582976;94.22800407354653;1.206554278124005;1.186758999999999;1.166963721875993;-1.9372134152489338;-1;Продавать (Short)
223;2021-04-21;EURUSD000TOM;1.2030399999999999;1.1999;1.20366;1.2034;3520303744.53;1 day lag;;1.2026116175856258;1.1979601993687397;0.004651418216886194;1;2886700677.459985;87.37535993907792;91.92851619851103;1.2087498749190015;1.1878784999999987;1.167007125080996;-4.553156259433109;-1;Продавать (Short)
224;2021-04-22;EURUSD000TOM;1.20346;1.1994200000000002;1.20646;1.20146;4129436933.58;1 day lag;;1.202035808792813;1.1986601594949917;0.0033756492978211927;0;-1242736256.1200151;84.10693301997645;87.92436120578391;1.2101296987763692;1.1891134999999988;1.1680973012236284;-3.817428185807458;-1;Продавать (Short)
225;2021-04-23;EURUSD000TOM;1.2024;1.20222;1.20992;1.2098;2598911431.22;1 day lag;;1.2059179043964066;1.2008881275959935;0.005029776800413055;1;1356175175.0999846;90.43117379623064;87.30448891842826;1.212962855107812;1.190645499999999;1.1683281448921858;3.1266848778023757;1;Покупать (Long)
226;2021-04-26;EURUSD000TOM;1.2098;1.20632;1.2113;1.20886;3185474467.13;1 day lag;;1.2073889521982033;1.2024825020767949;0.0049064501214084455;1;-1829299292.0300155;95.33363717695494;89.95724799772059;1.2149316793350493;1.192264499999999;1.1695973206649486;5.3763891792343514;1;Покупать (Long)
227;2021-04-27;EURUSD000TOM;1.207;1.20571;1.209;1.2089;4327143941.99;1 day lag;;1.2081444760991018;1.203766001661436;0.004378474437665814;1;2497844649.9599843;90.76166017342496;92.17549038220342;1.2158825894251486;1.1941044999999988;1.172326410574849;-1.4138302087784638;-1;Продавать (Short)
228;2021-04-28;EURUSD000TOM;1.20744;1.20564;1.213;1.2119;3631232385.06;1 day lag;;1.210022238049551;1.2053928013291488;0.004629436720402058;1;6129077035.019984;93.1272741642778;93.0741905048858;1.2168334427891885;1.196059499999999;1.1752855572108094;0.053083659391987226;0;Ожидать (Hold)
229;2021-04-29;EURUSD000TOM;1.20248;1.20248;1.21366;1.2126;1830020283.19;1 day lag;;1.2113111190247754;1.206834241063319;0.004476877961456349;1;7959097318.209984;95.89069350382016;93.25987594717422;1.2179527922977917;1.1978104999999988;1.1776682077022058;2.630817556645937;1;Покупать (Long)
230;2021-04-30;EURUSD000TOM;1.2115;1.2017200000000001;1.21475;1.2019;2075706554.13;1 day lag;;1.2066055595123877;1.2058473928506552;0.0007581666617324512;0;5883390764.079984;73.97525239304676;87.66440668704816;1.216733608401223;1.1990814999999988;1.1814293915987746;-13.689154294001398;-1;Продавать (Short)
231;2021-05-04;EURUSD000TOM;1.2039799999999998;1.2;1.2039799999999998;1.2018;1735795161.86;1 day lag;;1.2042027797561938;1.205037914280524;-0.000835134524330261;0;4147595602.219984;47.631921370934656;72.49928908926712;1.2157370708971402;1.2001174999999986;1.184497929102857;-24.867367718332467;-1;Продавать (Short)
232;2021-05-05;EURUSD000TOM;1.20248;1.1987;1.20248;1.20046;1191769273.43;1 day lag;;1.202331389878097;1.2041223314244194;-0.001790941546322422;0;2955826328.7899837;40.36777583187398;53.99164986528506;1.2152463306261927;1.2007754999999984;1.1863046693738042;-13.623874033411084;-1;Продавать (Short)
233;2021-05-06;EURUSD000TOM;1.2;1.2;1.207;1.2064;837034074.21;1 day lag;;1.2043656949390484;1.2045778651395356;-0.00021217020048713842;0;3792860402.999984;46.93834179755848;44.97934633345563;1.21494737012469;1.2017424999999986;1.1885376298753072;1.9589954641028484;1;Покупать (Long)
234;2021-05-07;EURUSD000TOM;1.2064;1.204;1.217;1.2164;2947511364.2;1 day lag;;1.2103828474695242;1.2069422921116284;0.0034405553578957804;0;6740371767.199984;76.81007826689022;54.70539863210748;1.2167474841338597;1.2029999999999985;1.1892525158661373;22.104679634782734;1;Покупать (Long)
235;2021-05-10;EURUSD000TOM;1.2154;1.21326;1.2176;1.21326;317565789.34;1 day lag;;1.211821423734762;1.208205833689303;0.003615590045459083;1;6422805977.859983;87.10741786000443;70.28527930815096;1.2172598700874677;1.2041549999999988;1.1910501299125298;16.82213855185347;1;Покупать (Long)
236;2021-05-11;EURUSD000TOM;1.21;1.2092100000000001;1.2187;1.2148;1658247822.94;1 day lag;;1.213310711867381;1.2095246669514423;0.003786044915938591;1;8081053800.799984;78.76851851851885;80.89533821513776;1.217786660413855;1.2053374999999986;1.1928883395861423;-2.1268196966189095;-1;Продавать (Short)
237;2021-05-12;EURUSD000TOM;1.2091;1.20666;1.2205;1.2075;2098110709.23;1 day lag;;1.2104053559336905;1.2091197335611539;0.001285622372536599;0;5982943091.569984;60.433486238532495;75.43647420568517;1.2175054065558923;1.2059584999999986;1.1944115934441049;-15.002987967152677;-1;Продавать (Short)
238;2021-05-13;EURUSD000TOM;1.20746;1.2053;1.2105;1.20792;3955750902.35;1 day lag;;1.2091626779668454;1.2088797868489232;0.00028289111792223487;0;9938693993.919985;41.33027522935795;60.17742666213635;1.2174135726728326;1.2064619999999988;1.195510427327165;-18.847151432778396;-1;Продавать (Short)
239;2021-05-14;EURUSD000TOM;1.20868;1.20864;1.21452;1.21422;1420295987.13;1 day lag;;1.2116913389834227;1.2099478294791386;0.0017435095042841464;0;11358989981.049984;56.743119266055466;52.83562691131522;1.217866457501798;1.207321999999999;1.1967775424982;3.907492354740249;1;Покупать (Long)
240;2021-05-17;EURUSD000TOM;1.21322;1.2127;1.21665;1.2153399999999999;2271778730.73;1 day lag;;1.2135156694917113;1.211026263583311;0.0024894059084004105;0;13630768711.779984;73.76146788990826;57.2782874617738;1.218373184534774;1.208187999999999;1.1980028154652238;16.48318042813446;1;Покупать (Long)
241;2021-05-18;EURUSD000TOM;1.2165;1.2162600000000001;1.22328;1.2224;4179303730.26;1 day lag;;1.2179578347458557;1.2133010108666487;0.004656823879207073;1;17810072442.039986;86.37506438441015;72.29321718012454;1.2208001678088025;1.209134999999999;1.1974698321911954;14.081847204285609;1;Покупать (Long)
242;2021-05-19;EURUSD000TOM;1.22304;1.2161;1.22446;1.2177;3081915096.18;1 day lag;;1.2178289173729278;1.214180808693319;0.0036481086796087414;1;14728157345.859985;85.08880875730893;81.7417803438757;1.2217704528400426;1.2098509999999991;1.1979315471599556;3.3470284134332218;1;Покупать (Long)
243;2021-05-20;EURUSD000TOM;1.2181799999999998;1.2178799999999999;1.22275;1.2227;3379927399.15;1 day lag;;1.2202644586864637;1.2158846469546551;0.004379811731808569;1;18108084745.009987;83.46273291925405;84.97553535365763;1.223584897211876;1.210815999999999;1.198047102788122;-1.5128024344035822;-1;Продавать (Short)
244;2021-05-21;EURUSD000TOM;1.2231;1.2163;1.2237200000000001;1.21815;1723487737.38;1 day lag;;1.219207229343232;1.2163377175637242;0.002869511779507672;0;16384597007.629986;84.33618012422312;84.29590726692862;1.22404040472145;1.211650499999999;1.1992605952785482;0.04027285729449659;0;Ожидать (Hold)
245;2021-05-24;EURUSD000TOM;1.2181600000000001;1.21712;1.2228299999999999;1.2215200000000002;3777160902.1;1 day lag;;1.2203636146716161;1.2173741740509794;0.002989440620636774;0;20161757909.729984;82.04580745341619;83.28157349896438;1.2253106229536384;1.212236499999999;1.1991623770463598;-1.2357660455481891;-1;Продавать (Short)
246;2021-05-25;EURUSD000TOM;1.22246;1.22222;1.2265;1.225;2880258568.67;1 day lag;;1.2226818073358081;1.2188993392407836;0.0037824680950244716;1;23042016478.399986;91.46328958162471;85.9484257197546;1.2271370776510773;1.213043499999999;1.1989499223489208;5.514863861870111;1;Покупать (Long)
247;2021-05-26;EURUSD000TOM;1.2257;1.21822;1.2263;1.2192;2060949699.14;1 day lag;;1.2209409036679042;1.218959471392627;0.0019814322752771396;0;20981066779.259987;80.94758909853309;84.81889537785791;1.2277611339460222;1.213558499999999;1.199355866053976;-3.871306279324827;-1;Продавать (Short)
248;2021-05-27;EURUSD000TOM;1.2193399999999999;1.2179799999999998;1.22128;1.2189;2226193653.61;1 day lag;;1.2199204518339521;1.2189475771141018;0.0009728747198503029;0;18754873125.649986;65.85324947589157;79.42137605201638;1.2282744671099592;1.2139084999999992;1.199542532890039;-13.568126576124811;-1;Продавать (Short)
249;2021-05-28;EURUSD000TOM;1.21882;1.21326;1.22038;1.2194;3339179386.31;1 day lag;;1.219660225916976;1.2190380616912815;0.0006221642256944993;0;22094052511.959988;65.33018867924577;70.71034241789006;1.2287952347196354;1.2142484999999994;1.1997017652803634;-5.380153738644296;-1;Продавать (Short)
250;2021-05-31;EURUSD000TOM;1.21986;1.21852;1.25268;1.2229999999999999;2989968893.37;1 day lag;1.2229999999999999;1.221330112958488;1.2198304493530252;0.00149966360546272;0;25084021405.329987;51.933484393542386;61.03897418289316;1.2291590422485994;1.2153034999999994;1.2014479577513995;-9.105489789350777;-1;Продавать (Short)
